units,people,daily_hours,appliances,previous_units,bill
587.2,7,8.6,10,550.8,4299
485.2,4,6.9,11,477.7,3337
669.6,5,9.1,10,498.5,5103
788.7,7,8.9,16,662.8,6374
387.5,3,5.4,7,322.0,2580
484.6,5,9.9,7,500.9,3369
396.6,5,6.3,7,416.4,2563
800.0,7,9.3,15,673.8,6423
459.2,2,8.3,8,422.3,3129
527.7,3,11.5,6,469.0,3701
737.3,7,7.0,16,681.0,5837
296.1,3,6.7,4,279.1,1791
418.0,3,7.5,8,316.3,2889
680.9,5,6.8,8,496.5,5287
504.3,4,9.3,8,490.9,3467
411.0,3,3.9,9,395.0,2746
504.8,6,5.2,11,462.1,3422
486.9,5,5.2,11,437.1,3383
366.9,2,9.6,10,292.5,2365
563.2,4,11.3,9,469.2,4044
729.5,6,7.3,15,635.7,5738
673.5,6,7.1,10,492.7,4956
349.6,2,7.7,8,359.0,2102
598.2,4,10.1,14,518.5,4459
350.2,5,5.5,5,401.1,2191
219.9,1,8.0,4,174.3,1267
570.5,4,9.6,11,490.3,4069
86.1,2,8.6,6,152.3,440
532.2,6,7.9,14,570.2,3833
507.0,5,9.7,10,430.0,3599
489.1,4,2.0,10,402.3,3308
402.7,1,9.0,5,309.6,2737
334.4,1,6.1,8,275.8,2109
463.3,3,3.5,9,389.2,3057
418.3,3,8.6,9,346.1,2784
800.0,7,10.5,13,700.0,6331
331.3,2,7.2,6,342.8,2050
439.8,4,9.6,9,447.7,3069
519.5,4,11.0,11,573.3,3750
673.8,7,10.4,13,597.2,5301
679.2,6,11.1,14,592.6,5249
766.1,6,9.1,18,616.9,6207
714.3,7,7.7,17,627.9,5573
364.3,6,4.0,12,427.5,2428
512.6,3,7.0,12,471.5,3591
400.0,4,5.6,9,375.4,2668
765.9,7,12.3,9,663.4,6199
382.2,4,7.1,7,360.7,2465
112.9,1,7.8,2,108.7,617
491.9,3,8.7,8,402.7,3490
342.5,5,7.6,12,400.6,2181
508.9,3,11.2,13,489.3,3521
540.9,7,6.1,15,530.1,4024
608.6,5,7.9,11,609.0,4496
358.8,1,5.9,8,296.7,2289
635.3,7,4.6,9,511.5,4817
532.6,2,6.2,8,366.3,3710
397.2,4,7.4,12,411.0,2564
308.0,1,6.6,2,216.9,1853
489.4,4,6.0,13,454.6,3252
609.2,6,4.4,14,531.8,4490
354.5,2,7.3,6,363.7,2266
295.4,2,4.2,9,313.7,1735
474.4,1,9.2,11,358.0,3173
288.1,2,7.7,7,221.2,1850
483.3,5,4.3,12,393.5,3308
455.5,2,6.8,6,278.0,3168
336.7,4,5.8,8,386.4,2079
401.4,4,8.2,12,409.5,2617
677.7,7,10.4,12,700.0,5254
497.1,4,3.4,10,444.1,3376
755.6,7,7.8,13,643.7,5882
586.1,4,7.1,11,444.6,4404
450.1,5,9.0,12,518.9,3042
475.1,7,8.0,17,610.1,3180
389.9,3,5.8,7,328.5,2619
710.3,6,6.8,12,550.5,5473
145.8,1,5.7,3,116.2,749
283.7,4,9.9,9,484.0,1625
398.2,2,7.5,8,313.3,2742
461.3,4,11.7,12,429.4,3120
218.7,2,7.4,5,235.3,1288
586.1,6,5.9,15,534.2,4375
669.6,6,4.2,16,640.9,5135
586.9,6,3.5,14,532.2,4280
282.6,2,4.0,12,232.8,1570
459.4,4,8.1,8,448.3,3071
418.0,6,8.6,10,460.0,2821
434.6,5,4.0,7,440.9,2815
744.9,7,9.5,18,675.5,5925
329.8,2,6.4,9,308.7,2102
385.8,2,7.8,7,387.7,2584
516.0,4,11.0,11,440.0,3582
246.4,2,9.5,4,231.7,1631
383.3,2,6.9,13,338.3,2575
733.4,6,5.5,13,582.8,5722
366.3,4,2.8,10,266.2,2391
375.7,6,5.9,15,400.8,2624
705.1,7,7.0,16,608.8,5384
527.4,7,5.3,15,621.3,3718
500.7,6,7.2,11,597.8,3307
727.4,7,7.7,16,619.6,5722
593.7,4,7.0,15,463.5,4423
422.5,1,6.1,9,325.7,2804
520.7,6,7.9,17,512.8,3666
599.6,5,8.5,10,476.1,4299
634.3,5,5.1,9,435.3,4759
455.0,2,10.6,7,389.6,3217
676.1,7,7.3,15,598.1,5159
537.3,5,7.5,14,530.6,3881
112.2,2,9.1,3,152.2,509
328.5,1,8.0,9,261.0,2095
531.0,4,9.6,10,497.7,3762
444.2,4,8.1,9,380.3,2957
384.4,4,6.2,7,378.0,2432
436.4,5,8.3,7,482.9,2909
292.1,1,5.0,8,211.9,1764
624.9,5,7.7,12,517.7,4599
706.0,7,7.4,11,527.7,5440
482.7,5,7.0,8,436.4,3302
215.1,1,7.2,5,268.5,1182
287.7,1,3.4,10,234.1,1827
572.7,7,6.3,14,564.0,4119
230.7,1,7.7,2,220.0,1299
354.1,1,7.9,5,285.6,2177
262.7,4,5.2,9,269.6,1686
671.9,7,10.3,8,659.9,5192
524.7,3,5.6,8,313.2,3603
520.3,3,9.6,8,427.8,3752
326.5,1,8.4,7,346.8,2053
421.8,3,6.1,13,325.0,2844
517.2,3,11.4,11,433.3,3660
288.3,1,4.9,5,176.9,1641
281.6,3,9.5,6,335.3,1737
800.0,5,9.7,18,700.0,6411
369.6,2,6.0,7,235.3,2490
655.3,7,10.6,15,654.6,4948
395.2,2,6.9,7,310.3,2690
184.4,1,8.1,6,197.3,1074
432.0,4,8.1,10,423.5,2936
774.0,7,7.2,13,618.1,6195
290.4,1,9.3,4,241.8,1710
616.2,4,9.2,10,461.3,4673
194.0,2,3.7,6,198.6,899
132.3,1,10.4,4,196.4,717
707.8,7,3.8,15,581.9,5402
800.0,7,9.8,14,700.0,6338
613.7,6,10.0,17,654.6,4624
358.8,5,5.1,5,389.2,2278
544.4,3,6.6,11,423.8,3940
495.7,4,5.1,13,357.4,3434
624.1,6,7.0,8,586.1,4603
339.6,3,6.8,8,364.9,2158
455.7,3,9.2,8,486.6,3119
172.1,1,10.4,2,215.6,1073
627.0,3,10.6,7,509.3,4769
504.7,5,6.3,9,488.4,3491
733.9,7,7.0,19,700.0,5719
596.1,6,3.8,15,531.2,4336
505.0,3,5.7,12,368.4,3465
595.0,1,9.6,7,368.2,4371
523.3,5,11.1,9,539.7,3745
197.3,2,4.8,6,139.9,1173
720.5,7,6.2,16,557.1,5620
482.2,7,7.4,11,570.7,3325
755.0,6,8.1,15,613.1,5986
644.3,7,5.7,14,582.8,4831
532.6,3,8.4,8,449.8,3715
170.0,1,6.5,7,137.9,854
778.7,7,7.5,16,649.3,6155
640.3,7,8.7,14,539.6,4896
474.6,2,7.5,10,387.0,3208
216.4,2,6.5,4,250.5,1236
633.8,4,7.3,12,477.7,4804
630.7,5,7.3,13,465.0,4784
339.7,3,6.7,8,421.7,2056
680.9,7,6.9,15,677.0,5312
733.7,7,11.0,11,677.4,5858
206.7,1,8.7,8,291.1,1163
547.5,4,6.8,10,455.2,3860
540.6,5,9.0,10,468.7,3960
526.2,4,6.8,13,504.8,3718
678.0,6,10.1,11,674.2,5073
567.9,5,8.3,8,529.5,4023
502.6,7,7.3,11,537.6,3476
687.6,7,8.5,16,679.6,5250
300.7,5,4.0,8,322.7,1752
724.3,7,5.0,19,664.9,5666
290.1,3,4.9,3,283.5,1795
516.7,5,7.8,16,454.8,3646
528.8,4,11.3,11,451.7,3870
551.2,5,12.4,11,564.8,4126
763.3,7,8.9,13,614.7,6154
413.1,3,8.6,9,331.3,2781
403.8,3,3.5,8,316.1,2481
689.8,6,6.3,16,589.3,5359
424.4,4,5.8,10,393.1,2899
346.2,2,6.1,7,242.8,2167
339.1,2,7.1,6,348.0,2243
545.9,5,6.5,11,564.4,3963
517.4,6,3.1,14,468.0,3644
183.6,1,9.1,2,199.9,1141
592.2,5,5.1,8,440.5,4341
565.1,6,8.0,15,574.8,3958
489.6,4,12.1,10,509.5,3399
529.6,4,5.5,10,439.3,3810
321.7,4,2.0,10,231.0,1884
633.9,4,6.9,11,508.2,4746
617.6,4,9.9,9,470.6,4555
631.2,6,11.8,11,591.9,4919
687.3,6,4.8,13,507.4,5384
316.9,3,8.6,6,359.6,1894
331.6,2,6.5,8,207.4,2073
742.4,7,7.3,10,648.0,5766
685.9,4,13.3,13,578.0,5399
365.5,1,4.2,7,228.8,2343
602.6,7,8.1,15,692.4,4553
655.9,6,8.5,15,547.4,5042
283.3,1,9.9,10,369.0,1958
345.9,1,7.7,8,265.2,2123
386.3,1,8.2,2,262.8,2375
308.1,3,6.6,5,197.5,1828
795.3,6,8.1,11,542.2,6232
257.8,1,6.7,6,205.3,1425
509.9,4,8.9,11,495.4,3513
482.4,5,6.7,10,491.2,3246
355.2,1,8.3,6,228.0,2199
319.6,3,7.4,7,313.7,2007
634.0,7,10.0,13,644.5,4776
549.2,6,7.4,9,461.6,3921
236.1,3,3.6,6,318.1,1417
270.3,1,10.3,2,233.7,1573
388.5,6,5.5,11,341.2,2516
498.0,5,6.1,14,481.5,3480
158.1,1,6.2,3,135.3,738
472.5,3,10.5,15,414.7,3139
221.4,2,2.8,8,168.4,1288
650.3,4,14.0,10,558.0,5034
800.0,7,9.8,12,700.0,6559
547.4,3,8.0,10,416.1,3941
560.8,6,7.4,12,513.5,4122
297.3,1,8.1,6,288.4,1782
586.0,4,8.6,16,502.4,4369
325.4,1,8.9,5,227.3,2141
613.8,6,8.7,16,555.5,4470
224.3,1,7.7,4,135.2,1346
354.4,2,7.1,7,279.7,2400
603.3,4,7.2,14,485.7,4506
430.1,4,7.1,8,398.0,2991
724.6,6,10.0,18,643.0,5677
583.5,7,8.8,16,613.5,4324
229.2,2,2.0,6,231.5,1294
343.3,3,8.9,10,343.5,2045
364.6,1,7.9,8,326.4,2269
549.8,5,7.5,13,460.1,3888
85.0,1,6.6,2,147.2,503
132.9,1,10.0,4,191.8,828
528.1,3,9.6,8,375.9,3772
244.6,1,5.8,5,263.0,1486
399.3,2,8.4,9,377.5,2634
460.7,2,5.4,7,324.3,3183
473.2,4,4.5,7,373.1,3191
607.1,6,6.1,14,487.5,4514
790.9,7,9.4,16,658.0,6327
606.5,5,9.6,13,510.8,4588
370.1,1,8.6,8,369.5,2374
237.4,1,9.1,8,238.9,1509
321.1,3,8.6,10,459.6,1936
730.9,6,6.1,13,584.7,5628
501.0,2,8.5,3,378.7,3491
613.5,5,9.3,13,525.2,4598
625.9,4,9.2,11,516.0,4679
533.7,2,10.1,8,493.6,3872
568.7,6,9.1,10,519.1,4107
702.6,7,8.3,12,523.5,5436
342.1,4,9.9,13,410.0,2317
693.3,7,7.4,14,656.1,5471
267.5,3,5.6,10,251.5,1710
457.2,3,7.1,9,351.1,3084
332.5,1,5.9,6,246.6,2137
770.4,7,6.0,17,637.4,6045
711.9,6,7.2,12,566.7,5465
498.6,5,5.8,12,484.8,3279
604.4,4,6.8,9,481.1,4580
221.0,2,3.3,6,169.6,1195
658.6,6,8.0,12,520.2,5012
551.9,6,7.5,14,530.6,3928
379.3,3,5.7,7,367.3,2487
800.0,7,9.0,18,700.0,6414
332.2,1,9.6,3,277.9,1984
284.0,1,4.0,5,241.4,1686
459.9,4,5.8,9,328.0,3010
535.9,3,5.8,12,475.2,3745
512.9,6,5.4,13,607.6,3435
680.8,5,9.3,14,601.3,5164
373.7,3,7.1,5,420.3,2409
414.1,4,6.9,11,345.4,2623
324.6,4,3.1,12,350.8,1886
420.9,3,8.9,9,362.7,2828
410.6,4,4.8,13,461.6,2681
377.2,3,7.6,7,298.6,2584
343.5,2,8.1,11,409.6,2326
697.4,3,10.5,14,567.3,5379
782.6,7,4.6,14,604.4,6234
361.7,3,2.0,7,270.6,2302
455.4,4,7.9,14,435.9,3086
800.0,7,11.5,18,690.7,6365
590.1,4,10.2,9,540.8,4364
274.5,1,8.0,4,279.2,1625
253.8,1,6.4,5,218.4,1464
504.1,7,9.3,11,591.0,3562
166.9,2,5.4,5,135.0,879
207.8,1,8.5,3,176.0,1136
509.7,3,8.6,7,479.1,3561
406.6,4,9.8,10,406.6,2755
475.7,1,13.6,6,371.7,3232
559.1,1,8.4,9,358.9,4107
174.9,2,6.4,5,195.8,871
725.6,7,7.4,17,663.1,5654
733.9,7,3.6,14,599.5,5693
563.6,6,6.0,13,534.2,4036
521.3,2,6.6,9,474.6,3615
154.1,3,6.3,6,229.5,1000
800.0,7,7.8,15,694.3,6349
397.6,4,5.7,10,392.9,2776
344.4,2,10.0,8,407.8,2240
258.1,1,7.5,6,276.3,1547
636.5,4,7.5,16,466.3,4857
551.8,4,6.8,8,410.6,4123
221.9,1,7.8,4,132.0,1234
357.6,2,9.3,5,350.9,2213
227.6,1,5.6,4,210.1,1259
686.9,6,6.1,11,546.1,5268
666.9,4,6.8,13,517.2,4972
634.8,5,4.5,15,506.9,4768
498.9,5,5.7,10,455.7,3552
320.2,3,6.5,6,274.7,1969
632.6,7,9.4,16,637.5,4789
338.3,1,8.1,4,303.7,2070
393.8,1,7.9,7,350.7,2646
509.9,3,9.4,9,398.6,3519
393.0,3,7.2,5,327.1,2685
489.8,3,8.4,12,379.7,3539
639.0,4,7.3,14,543.4,4852
594.0,6,8.1,11,584.1,4389
248.9,1,6.2,5,323.7,1533
428.2,4,2.1,11,302.1,2896
457.3,3,7.2,9,351.9,3049
304.5,1,10.6,7,333.1,1849
745.6,4,9.5,15,567.2,5809
800.0,6,9.6,13,587.4,6447
529.8,4,10.2,8,411.9,3821
705.1,6,7.7,10,577.0,5362
601.8,3,7.9,7,401.5,4407
555.7,6,6.1,13,486.1,3912
446.1,1,6.8,10,362.0,2953
474.6,3,8.9,7,442.7,3293
434.7,1,10.1,6,307.1,2887
494.6,5,7.2,11,490.9,3402
441.2,2,6.5,10,357.6,2857
571.4,6,7.5,19,585.6,4224
357.8,2,8.8,6,322.5,2291
97.5,2,4.3,6,121.4,441
689.9,6,2.4,16,554.3,5268
314.2,3,6.3,10,282.3,1944
504.5,5,4.8,16,586.3,3455
335.4,1,6.4,7,225.7,1984
412.2,4,7.2,9,405.5,2862
218.2,1,6.5,7,211.5,1238
585.6,4,10.7,13,512.7,4344
438.5,1,8.2,8,367.0,3028
401.4,6,8.2,14,448.1,2937
682.4,5,8.9,14,622.9,5187
451.2,4,5.0,13,444.5,3085
800.0,7,9.8,18,640.8,6400
477.3,3,7.3,10,327.9,3239
341.9,1,9.0,5,358.8,2109
179.1,1,5.1,6,157.6,934
326.6,4,4.1,13,346.0,2021
445.0,3,9.3,6,436.9,2909
420.4,3,8.3,9,411.5,2883
450.8,6,5.5,12,461.7,3054
587.9,7,5.6,15,607.5,4353
684.5,6,10.0,16,585.2,5287
626.5,6,4.9,13,574.4,4652
707.3,6,11.1,13,684.4,5556
670.9,6,5.5,10,518.6,5017
757.6,6,8.9,15,630.2,5985
695.4,5,6.8,13,599.9,5309
627.3,3,8.8,14,461.9,4677
474.4,6,6.3,12,462.5,3105
456.8,3,7.1,9,396.3,3195
557.8,3,7.6,9,494.4,3972
312.9,2,5.3,11,261.5,1996
578.5,5,9.1,11,501.5,4327
580.6,6,6.4,14,575.6,4167
302.2,1,7.0,7,252.0,1747
404.2,4,5.3,10,341.6,2834
699.6,7,2.0,13,568.7,5475
287.4,1,7.1,6,372.0,1718
666.7,5,12.8,14,634.3,5187
553.3,4,9.2,7,380.3,3940
481.0,5,7.5,12,418.0,3350
465.4,3,6.9,7,357.8,3106
668.8,4,7.5,13,532.6,4978
411.3,3,8.7,5,377.8,2631
77.0,1,4.9,4,181.1,405
315.4,1,10.0,6,263.7,1881
538.0,4,9.1,14,451.3,3871
538.6,4,9.1,10,509.4,3782
701.0,6,8.5,12,616.6,5383
616.8,5,7.5,16,467.8,4693
774.6,6,9.0,9,627.1,6157
471.7,5,8.8,6,487.0,3224
755.9,6,6.7,14,636.0,6022
267.8,3,6.2,7,257.5,1626
407.3,4,7.7,7,327.9,2793
413.7,1,10.9,7,317.1,2749
516.1,5,4.8,12,482.6,3570
638.6,5,4.3,10,520.7,4679
250.9,1,7.9,2,249.4,1445
755.1,6,7.6,15,573.7,6038
444.4,5,7.9,13,466.4,3123
670.3,7,8.0,14,695.3,5214
376.6,3,7.0,13,364.1,2342
653.9,4,10.8,7,547.6,5054
119.9,1,4.0,2,125.0,472
525.5,4,5.7,8,465.7,3741
772.1,7,7.3,14,651.3,6099
448.4,5,3.9,12,431.4,3060
599.4,5,7.1,11,456.5,4337
785.1,7,11.2,15,677.0,6385
331.8,1,7.5,2,228.4,1939
389.6,3,8.0,12,427.4,2533
257.3,2,4.7,7,226.4,1438
234.1,1,6.1,8,242.5,1262
348.0,2,6.7,8,310.5,2206
614.9,7,6.8,16,512.3,4733
673.2,6,10.3,14,649.0,5389
399.0,2,8.7,8,289.2,2648
306.1,3,5.1,10,282.6,1928
738.6,6,8.0,16,514.0,5838
203.1,2,8.6,7,230.1,1246
663.9,7,10.0,16,612.6,5096
727.5,6,11.0,13,584.6,5745
748.7,7,5.3,18,700.0,5936
306.8,2,5.7,5,224.0,1793
654.4,7,4.7,19,638.0,4978
505.4,3,7.0,8,378.8,3494
237.7,2,8.5,3,286.7,1464
449.5,2,9.7,7,343.8,2985
232.6,2,7.3,5,216.3,1367
458.1,1,6.8,8,343.1,3235
302.4,1,7.8,4,333.4,1898
130.1,1,5.7,4,102.4,791
307.0,3,12.1,4,344.4,1907
498.0,6,4.0,12,469.9,3440
648.5,7,7.9,8,500.3,4968
583.9,5,12.0,8,564.0,4428
407.7,2,7.5,9,293.2,2567
763.1,7,7.1,16,700.0,5956
348.7,2,6.7,8,372.3,2298
407.3,3,7.1,6,346.5,2658
601.4,2,10.5,7,419.8,4419
233.6,1,2.6,5,213.2,1233
655.5,5,10.9,9,497.7,4968
505.1,4,4.4,14,381.7,3402
505.0,2,6.9,9,326.7,3646
623.5,7,6.6,14,648.4,4673
289.0,1,8.8,6,283.0,1747
265.9,4,4.0,11,297.0,1618
345.1,5,8.5,6,406.1,2253
605.1,4,12.0,9,499.1,4598
157.0,1,4.5,4,169.9,928
696.8,6,7.9,10,641.0,5334
523.6,6,6.0,12,446.6,3667
735.4,4,8.4,14,527.7,5836
598.5,3,7.5,10,472.7,4383
800.0,7,6.1,13,700.0,6375
800.0,7,8.6,16,639.1,6451
650.1,4,11.5,13,569.5,5041
441.9,2,7.1,9,356.8,2854
443.6,2,9.1,7,348.3,3054
799.2,7,4.7,13,549.3,6334
697.6,7,5.4,16,628.1,5441
528.4,6,8.5,14,452.4,3830
443.9,3,10.8,11,498.3,3163
329.1,1,8.3,7,285.0,2153
528.0,2,6.8,10,320.4,3822
705.2,7,7.5,13,700.0,5573
659.5,6,4.7,16,510.4,5035
523.2,5,8.8,12,505.8,3720
800.0,6,9.4,18,700.0,6507
201.5,2,6.5,5,221.3,1216
264.9,2,6.5,11,308.1,1579
655.2,6,8.1,13,563.4,5023
283.3,1,6.5,4,256.9,1674
350.7,4,7.4,9,431.8,2176
291.5,2,12.1,6,309.1,1897
601.3,6,7.0,14,533.9,4468
661.4,7,6.7,16,594.4,5200
714.3,6,6.1,12,519.1,5424
376.7,3,9.1,8,418.9,2425
702.3,4,7.1,15,510.8,5454
512.9,5,6.1,16,428.6,3688
402.5,1,10.4,7,374.8,2712
600.5,5,10.6,12,574.1,4510
510.7,4,6.2,10,487.4,3473
542.9,4,3.4,12,409.5,3762
636.2,4,9.7,7,499.5,4817
458.7,5,6.0,11,490.5,3019
696.5,7,9.2,10,675.4,5354
433.4,4,3.2,11,397.7,2909
800.0,6,9.5,15,615.0,6359
586.6,5,4.8,10,557.0,4385
432.6,4,9.1,14,560.8,3042
573.1,6,7.5,10,557.1,4064
538.8,7,5.4,11,474.0,3756
219.1,3,6.6,9,291.0,1141
539.6,7,9.0,17,697.3,3854
644.5,4,7.7,14,495.2,4947
486.8,5,8.8,10,469.4,3343
415.1,2,11.8,10,431.0,2854
505.4,4,4.1,10,460.4,3369
522.5,2,11.1,7,411.3,3763
694.7,6,7.7,15,526.4,5347
482.2,3,5.5,10,348.3,3296
75.1,1,4.6,2,107.0,373
581.2,7,7.1,18,637.2,4206
463.4,3,9.5,12,427.7,3120
430.7,4,7.2,8,379.7,2950
363.5,2,10.8,8,311.8,2404
705.6,7,4.3,16,577.5,5529
316.0,2,7.5,8,289.7,1970
287.9,5,4.7,10,269.3,1730
475.4,2,8.3,5,412.3,3122
537.3,5,9.5,11,587.0,3837
569.9,6,6.6,16,559.6,4165
642.9,7,2.0,16,544.0,4957
565.8,7,7.9,14,561.4,4180
543.4,1,8.5,7,374.6,3986
539.7,4,8.4,3,471.4,3860
618.3,5,10.2,14,585.6,4619
141.4,1,5.1,2,217.9,758
376.8,2,9.0,6,333.6,2468
242.4,2,10.1,4,246.7,1395
86.1,1,3.6,2,110.9,386
800.0,7,8.2,17,673.9,6410
234.3,2,6.4,6,252.0,1489
629.5,6,7.3,14,557.7,4596
667.8,6,8.3,13,569.7,5204
244.8,1,6.4,7,240.3,1384
598.4,5,6.0,12,480.1,4317
359.5,5,7.6,8,399.0,2387
315.6,1,5.1,8,193.5,1967
340.9,5,5.1,10,366.3,2223
719.9,7,9.0,11,662.7,5677
599.2,7,5.0,13,444.7,4558
752.1,5,9.0,15,629.8,5996
800.0,6,8.5,15,679.6,6406
354.8,5,3.7,11,407.0,2261
563.1,7,6.0,14,448.0,4170
544.9,3,10.1,8,393.4,3865
435.7,4,5.3,15,452.6,2897
197.2,2,6.5,8,247.0,1133
546.9,3,8.5,10,380.0,3784
637.8,5,9.2,14,643.2,4856
581.7,6,6.9,14,599.6,4142
64.8,1,6.2,5,165.5,379
486.8,5,10.6,11,460.5,3460
678.9,6,11.3,13,611.9,5230
571.6,4,9.7,10,462.0,4302
627.5,5,7.7,13,546.7,4619
628.1,7,5.7,15,568.6,4799
316.4,1,5.7,7,259.2,1970
800.0,6,8.6,13,688.1,6286
673.5,6,8.4,13,622.4,5366
743.7,6,10.6,8,553.9,5849
557.8,4,8.9,12,474.7,3993
522.8,5,4.2,12,424.9,3559
572.0,4,9.8,12,565.6,4187
50.0,2,5.3,2,175.0,277
448.6,2,6.7,12,356.3,3053
657.6,5,8.1,11,504.7,4985
800.0,7,11.9,17,700.0,6513
464.5,4,14.0,7,440.5,3207
393.7,1,8.8,7,305.8,2457
419.5,6,7.1,10,514.4,2790
800.0,6,8.7,11,585.7,6229
611.4,5,9.5,16,557.8,4629
736.3,7,6.8,14,672.4,5703
414.7,2,11.4,8,343.9,2814
572.4,2,8.0,9,436.3,4259
621.0,6,8.6,14,496.6,4609
625.7,5,9.0,12,554.3,4788
517.1,4,8.4,11,489.8,3617
588.7,2,9.3,13,370.5,4487
474.3,4,6.1,10,433.9,3212
800.0,7,6.3,15,678.3,6331
187.8,2,5.1,10,179.5,1139
555.3,2,8.5,10,390.1,3981
385.2,3,9.2,11,295.7,2494
381.9,2,8.5,9,298.0,2471
388.2,1,11.2,3,371.9,2549
531.5,5,7.5,16,519.8,3899
285.5,5,9.0,9,429.9,1614
499.9,4,5.1,11,392.9,3442
752.5,7,6.6,13,700.0,5965
376.1,2,9.0,7,235.8,2465
283.3,1,9.4,6,227.8,1814
470.9,4,6.9,11,517.7,3219
515.3,3,7.3,10,489.3,3597
452.0,4,4.2,14,417.2,3097
347.2,4,6.7,11,364.7,2219
581.9,2,9.5,6,447.5,4231
661.6,3,8.8,11,512.5,5089
614.1,4,8.6,13,528.2,4557
105.7,1,7.6,2,161.3,511
317.6,1,7.5,7,261.6,1918
701.4,5,6.0,13,481.0,5513
430.4,3,9.0,8,411.9,2676
650.9,3,8.4,12,510.5,4979
631.8,5,8.6,11,559.9,4764
363.7,4,6.3,10,354.9,2219
497.9,3,2.8,8,356.4,3400
378.9,1,9.9,6,312.7,2512
233.7,1,6.4,3,234.8,1397
344.1,2,5.6,3,307.5,1939
337.1,3,9.0,12,380.3,2258
382.7,4,6.6,8,393.5,2431
610.0,5,9.8,9,480.7,4601
401.1,5,8.9,6,370.2,2700
465.7,4,9.0,8,457.1,3128
744.9,7,4.5,11,666.0,5856
645.7,6,10.2,17,555.8,4924
465.3,2,8.1,10,353.6,3042
470.1,5,6.7,10,500.6,3292
630.3,3,7.8,14,450.4,4702
268.6,2,3.6,9,256.4,1518
479.4,3,8.4,8,310.7,3266
458.1,7,5.2,8,518.0,3101
390.5,1,4.5,11,216.8,2535
124.0,2,4.2,4,92.3,679
569.0,5,9.9,7,553.8,4051
451.1,2,6.1,10,372.8,2995
541.9,2,10.9,13,444.6,3921
387.0,2,6.3,10,336.4,2659
689.4,6,3.7,14,564.5,5272
388.7,2,5.0,8,289.1,2589
591.9,3,10.2,11,500.7,4397
328.1,1,7.2,7,241.5,2003
696.3,7,6.3,15,680.4,5367
589.2,4,7.9,10,459.0,4322
288.6,2,8.6,7,339.5,1795
411.6,5,10.0,10,454.4,2867
417.3,2,10.7,6,370.1,2827
503.8,5,6.7,7,384.0,3557
394.9,3,4.6,8,278.4,2491
421.3,5,6.6,9,406.8,2775
284.4,4,8.1,7,350.7,1669
336.8,1,5.4,6,330.7,2102
760.8,5,5.4,15,575.3,5973
695.0,5,8.3,14,647.2,5440
150.7,1,7.4,2,134.8,771
677.9,4,7.6,8,416.2,5182
249.7,2,5.8,9,231.8,1533
479.3,5,7.0,9,420.6,3138
172.4,1,5.5,5,152.9,1117
454.0,3,9.5,10,493.4,3092
234.7,1,9.8,3,235.2,1260
432.2,3,3.4,9,363.7,2866
437.1,4,5.5,7,395.4,2910
338.2,2,4.2,5,352.4,2067
207.2,1,6.1,6,144.9,1271
749.6,7,7.3,11,648.0,5941
656.6,7,4.3,16,647.6,5002
629.4,6,5.5,13,471.0,4745
433.4,5,5.3,13,531.6,2904
447.4,4,8.0,11,473.7,3170
303.6,1,7.7,9,278.2,1751
631.5,7,5.9,15,556.1,4760
479.4,5,7.9,10,447.5,3305
636.4,7,6.3,15,700.0,4860
249.7,1,6.9,7,253.3,1427
521.9,3,11.2,9,487.3,3593
287.0,1,10.4,6,261.6,1769
457.2,6,4.6,11,442.6,3106
303.7,1,9.3,4,320.4,1950
255.8,1,9.3,2,161.9,1434
577.0,6,5.0,17,540.7,4304
518.0,4,9.3,7,433.3,3808
276.2,1,10.9,4,295.0,1657
599.4,6,5.0,11,482.7,4314
598.5,5,5.5,14,513.4,4391
535.7,3,9.7,8,444.4,3826
486.5,3,8.1,12,465.2,3413
350.5,1,8.7,4,195.6,2179
475.3,4,8.2,11,444.9,3386
577.4,4,8.4,8,492.2,4135
687.1,5,4.6,17,560.7,5164
210.2,1,9.8,3,182.0,1325
510.1,3,10.1,9,443.6,3428
488.9,4,7.0,12,341.1,3365
295.0,1,7.4,7,264.9,1996
732.3,7,4.1,14,661.7,5701
482.2,4,8.6,10,403.2,3254
672.6,6,8.8,13,537.8,5167
742.5,7,7.4,14,657.6,5835
449.2,4,10.0,12,418.7,3102
396.1,3,6.8,14,390.0,2676
355.9,2,8.7,6,352.2,2204
485.7,7,5.3,11,506.7,3444
603.8,5,7.4,11,478.1,4493
723.6,5,7.1,18,610.0,5728
265.3,3,8.0,6,374.1,1548
576.0,4,6.7,14,483.0,4306
357.7,1,7.2,10,276.1,2280
415.7,4,9.3,9,476.1,2810
523.1,3,6.5,10,365.9,3611
605.5,5,4.0,16,513.6,4411
521.8,4,11.3,9,465.0,3764
667.5,5,10.5,11,536.7,5100
720.6,7,4.7,13,500.4,5529
243.5,1,9.0,3,241.4,1403
703.4,7,6.4,13,541.5,5491
464.4,5,8.1,8,405.2,3124
467.4,5,8.1,12,529.9,3209
371.8,2,7.0,5,287.4,2381
300.0,2,5.8,8,333.0,1663
593.7,7,6.0,11,530.9,4258
531.8,6,5.5,14,559.2,3796
800.0,7,5.7,17,651.4,6343
289.8,2,7.4,2,270.8,1789
549.3,5,5.9,12,430.2,4003
601.8,3,9.0,12,449.2,4532
800.0,7,10.8,11,660.9,6547
684.0,5,6.2,16,529.4,5264
421.8,3,8.0,10,284.7,2877
554.0,3,8.6,7,382.6,3942
517.1,2,8.5,7,449.4,3797
690.5,7,7.7,16,625.2,5489
477.5,4,9.1,10,424.4,3301
306.3,1,8.6,7,303.6,1902
352.2,2,4.8,5,253.2,2288
460.7,2,9.4,7,409.0,3137
309.9,4,9.5,6,353.0,1864
250.6,1,5.8,5,250.0,1528
609.2,5,7.6,9,502.0,4524
676.8,6,9.0,11,556.2,5216
721.9,7,7.0,18,676.3,5601
800.0,6,9.9,16,696.1,6319
781.8,5,12.7,13,657.6,6294
186.0,2,5.8,4,179.0,1115
289.1,1,4.5,5,230.4,1678
465.1,2,8.2,10,353.5,3288
383.2,3,9.1,9,410.6,2473
334.2,2,7.0,13,375.9,2047
400.3,2,10.7,8,370.3,2671
489.7,5,4.6,12,516.5,3350
705.2,5,9.0,11,514.8,5533
610.6,5,6.2,12,418.4,4479
800.0,6,11.3,13,607.4,6534
549.1,3,11.9,10,478.7,4131
690.5,5,5.8,14,565.2,5313
280.5,1,6.3,4,239.4,1743
533.5,6,9.4,10,512.3,3738
476.3,4,6.6,5,496.4,3306
303.9,1,7.4,7,276.8,1915
775.2,7,7.6,12,665.2,6207
567.2,7,3.3,9,473.6,4058
325.1,1,7.5,6,280.8,1803
619.9,5,6.0,18,594.9,4612
506.7,4,6.4,10,482.5,3472
603.8,4,10.7,12,574.3,4453
572.8,6,4.7,13,559.2,4164
546.1,4,9.3,10,449.9,3903
539.5,7,6.9,17,611.5,3824
378.2,3,6.9,8,373.2,2375
721.9,5,9.2,12,586.6,5600
516.8,4,8.2,11,448.2,3721
636.2,6,8.8,11,618.2,4760
730.9,7,9.6,17,700.0,5735
263.3,3,6.8,8,302.5,1544
252.3,2,6.2,5,214.7,1505
299.0,2,5.1,8,270.3,1814
450.2,3,5.7,6,326.2,2798
800.0,7,14.0,15,700.0,6554
636.7,6,10.2,13,684.7,4942
474.0,3,4.5,11,371.8,3148
466.0,5,4.6,13,465.8,3102
520.0,5,8.6,11,432.1,3646
323.7,2,8.7,9,282.3,1979
660.5,4,8.7,13,508.2,5069
498.1,6,6.9,14,445.6,3330
341.3,2,7.2,7,359.7,2067
414.2,4,8.2,7,403.3,2861
744.3,4,7.7,7,580.8,5753
540.4,5,2.6,11,531.1,3890
789.5,7,7.0,13,586.9,6310
247.1,1,5.6,5,200.4,1315
800.0,7,7.9,15,691.7,6454
548.0,1,14.0,7,474.7,3981
325.4,3,8.3,8,290.5,2002
560.7,5,6.8,13,405.3,4080
592.8,4,9.5,10,437.3,4421
540.5,6,8.6,8,552.2,3907
321.5,1,8.4,3,260.0,2056
800.0,7,8.8,14,700.0,6443
361.0,4,12.0,7,414.5,2268
62.5,1,5.0,7,91.8,331
469.7,1,8.5,9,353.9,3429
178.2,1,5.5,9,205.8,1079
702.6,6,8.7,12,460.0,5622
672.4,5,5.5,15,511.6,5240
602.2,6,6.6,13,588.1,4479
283.5,2,6.9,6,278.6,1714
526.4,4,9.6,8,424.5,3731
641.2,5,9.5,11,519.6,4742
541.7,5,4.8,11,422.3,3843
475.4,5,7.6,12,432.0,3361
672.3,7,5.9,15,562.6,5105
543.3,5,4.7,12,482.8,3892
674.6,6,7.0,14,582.1,5236
595.7,5,6.8,14,525.0,4344
631.3,3,12.8,11,443.4,4776
475.3,4,8.5,6,394.2,3178
259.1,5,4.5,5,245.7,1447
431.6,4,6.3,12,446.5,2812
400.2,3,9.7,5,449.0,2582
449.4,3,12.1,8,367.6,3193
442.0,4,4.0,7,304.0,2866
144.5,1,3.4,2,147.7,757
527.1,2,11.6,8,464.0,3729
766.2,7,8.4,16,632.8,6175
218.9,1,5.6,4,155.5,1349
131.1,1,8.7,2,116.9,788
511.5,6,2.0,12,455.7,3543
800.0,7,7.5,15,700.0,6388
683.9,7,8.2,11,610.2,5180
272.9,1,9.5,6,287.4,1795
527.1,5,5.3,11,469.6,3654
631.1,6,7.7,14,575.8,4809
495.6,6,5.5,13,479.6,3496
385.1,3,8.1,6,397.4,2469
756.3,7,5.5,17,631.0,6042
222.7,1,6.6,5,224.8,1353
341.5,3,5.3,8,272.9,2251
625.1,4,8.9,8,508.5,4650
388.3,2,9.4,6,367.6,2460
673.6,6,7.0,11,497.3,5113
606.8,4,7.6,10,491.6,4516
482.3,4,4.3,14,398.3,3309
387.4,5,6.8,8,401.1,2497
124.9,2,7.4,3,217.2,546
502.8,4,13.3,14,489.4,3617
383.4,4,5.1,9,404.9,2614
307.5,2,10.7,5,242.3,1932
326.4,2,9.7,10,316.9,2114
443.2,4,8.1,8,308.0,3035
430.8,2,11.4,12,433.9,2984
515.9,4,8.3,12,465.5,3705
509.1,4,8.4,9,420.4,3584
544.2,5,7.4,17,504.6,3912
322.5,1,10.2,4,212.0,1953
636.8,4,9.9,12,528.0,4815
407.3,3,6.1,9,322.9,2706
662.9,6,4.6,16,562.2,5023
775.1,7,7.1,18,609.3,6198
271.5,1,5.7,6,230.3,1634
468.9,1,7.4,4,297.2,3231
352.4,1,10.2,7,345.2,2362
490.0,5,6.5,10,439.2,3375
560.4,4,7.4,15,507.5,3987
644.5,5,7.6,12,493.1,4855
357.6,4,9.4,9,457.0,2320
460.0,5,2.6,12,397.1,2961
447.3,5,6.2,8,422.9,3103
800.0,6,8.0,11,557.0,6396
505.1,3,10.1,12,406.9,3584
409.5,5,6.4,10,404.6,2807
391.7,6,3.4,10,374.3,2485
241.9,2,8.9,8,257.5,1506
410.5,3,6.1,11,309.9,2714
622.1,5,4.9,13,477.7,4622
681.3,7,6.1,17,580.2,5194
309.5,1,7.1,4,248.9,1983
273.2,2,6.2,3,239.0,1576
236.5,2,2.6,11,161.4,1424
641.6,6,9.5,12,620.5,4743
397.5,2,10.3,6,392.1,2718
574.8,3,8.9,12,385.1,4293
623.0,5,5.0,13,494.1,4652
518.8,5,7.1,13,460.9,3643
737.4,7,7.5,20,695.1,5855
169.1,1,8.8,4,182.2,1142
497.9,6,9.0,15,512.8,3371
187.5,1,5.9,6,201.9,1129
390.9,2,7.7,8,317.4,2499
772.5,7,8.5,18,662.2,6166
373.1,1,10.7,7,256.5,2430
509.0,3,9.0,10,395.9,3540
609.2,5,9.2,14,574.1,4567
326.2,2,7.7,6,297.9,1942
697.6,7,10.6,12,659.9,5503
293.1,1,8.4,3,195.4,1628
493.8,6,5.6,8,531.3,3417
394.5,3,10.6,14,428.9,2640
435.1,3,9.0,6,396.5,2846
402.8,1,6.5,5,287.5,2642
541.9,5,6.4,11,499.5,3755
265.8,1,8.2,6,252.6,1600
409.1,2,8.5,9,322.3,2628
412.6,1,7.9,8,340.8,2775
238.4,3,8.2,7,288.1,1365
765.2,7,11.2,14,632.0,6074
432.7,1,9.9,6,272.6,2939
760.1,5,7.9,11,567.6,5944
760.7,7,9.6,19,700.0,6068
622.5,6,5.2,14,478.9,4544
568.7,4,8.4,12,457.7,4197
354.3,1,11.5,7,301.9,2426
424.9,5,7.0,14,480.3,3064
791.4,7,5.6,15,650.3,6306
412.6,5,6.1,8,354.7,2775
741.1,6,5.1,14,618.3,5674
484.3,3,5.8,7,368.5,3402
484.5,5,6.7,10,525.3,3382
685.1,7,4.4,16,560.9,5225
618.8,5,7.5,15,532.4,4733
569.7,5,9.5,12,460.9,4158
525.2,5,5.5,12,439.2,3664
515.3,2,10.8,11,444.3,3692
600.5,2,8.6,8,412.5,4366
517.4,3,9.8,15,429.9,3762
210.2,1,6.1,7,217.8,1152
356.2,5,9.4,7,469.5,2219
656.1,6,5.1,15,465.0,4916
299.6,1,9.5,6,319.8,1879
606.4,6,7.9,16,564.0,4493
289.5,1,8.7,7,275.2,1665
396.4,3,4.9,8,294.6,2532
510.6,5,5.5,8,377.1,3529
557.9,5,8.8,11,515.3,3965
368.1,4,5.4,8,361.6,2268
645.1,6,8.5,12,546.9,5044
212.0,1,4.5,7,169.8,1158
416.3,1,9.4,10,351.2,2780
527.7,2,4.8,8,363.1,3662
518.9,4,8.7,7,428.6,3614
800.0,7,8.9,16,700.0,6470
557.3,7,6.0,17,549.9,4110
376.3,2,8.8,5,316.7,2417
316.5,2,8.1,7,259.0,1867
160.4,2,6.3,7,206.4,1004
517.9,6,5.3,11,456.4,3611
675.8,6,3.2,15,572.8,5268
528.2,3,8.3,8,432.1,3577
435.9,3,4.1,10,341.4,2912
189.4,2,7.7,5,204.5,1237
532.6,4,6.9,9,401.8,3743
320.2,1,9.0,7,307.5,1978
640.4,6,6.8,12,546.7,4851
494.7,4,6.8,14,368.5,3397
526.5,5,9.1,11,472.0,3724
710.4,6,8.2,14,582.7,5514
800.0,6,8.2,15,627.0,6369
212.4,3,8.5,5,227.8,1343
187.9,1,4.1,2,134.3,1064
326.7,1,9.2,2,241.8,2037
736.9,7,8.8,18,700.0,5883
544.2,7,5.3,13,603.8,3865
800.0,7,7.0,20,700.0,6374
571.4,7,7.4,13,560.4,4132
565.7,5,7.2,12,393.7,4110
561.6,5,8.2,15,531.6,4027
800.0,6,10.6,18,700.0,6425
573.4,2,9.9,12,488.5,4181
368.1,3,4.6,12,401.1,2512
461.7,3,8.9,11,450.2,2979
780.4,7,10.4,16,700.0,6242
722.2,6,8.4,15,569.7,5781
480.6,4,9.9,9,459.0,3337
551.9,2,11.9,5,456.5,4044
687.1,6,9.8,13,549.7,5331
386.9,2,8.0,7,407.7,2481
412.1,2,9.8,6,320.7,2592
381.6,2,7.8,9,411.6,2509
640.2,6,7.6,15,508.6,4801
656.1,7,6.7,15,648.3,4944
514.0,3,10.9,12,435.4,3618
247.0,3,5.7,6,231.8,1571
800.0,7,10.9,14,690.7,6607
338.6,2,8.6,5,360.3,2143
287.6,4,4.4,5,273.1,1652
249.1,1,8.3,5,172.1,1404
613.7,6,2.9,13,472.8,4562
528.7,1,8.9,9,308.0,3877
727.7,7,9.4,16,700.0,5715
437.5,4,6.2,7,427.8,2753
787.6,6,7.8,18,622.6,6352
750.5,7,11.8,18,700.0,6063
346.0,2,6.4,8,313.3,2069
327.3,3,5.2,8,305.0,2025
263.8,1,10.8,3,186.0,1629
650.7,5,11.8,11,555.3,4979
489.6,5,7.5,14,509.6,3347
637.9,4,9.7,15,587.9,4930
530.7,2,10.5,11,435.6,3776
222.8,1,5.9,4,133.7,1181
299.2,2,6.4,4,263.3,1632
454.8,1,10.2,6,337.7,3191
577.2,4,11.2,6,537.8,4277
593.1,4,8.7,11,518.1,4394
583.2,5,5.6,11,499.0,4223
343.2,2,11.9,6,379.0,2174
580.6,6,6.3,9,513.3,4151
717.6,5,6.8,13,571.5,5554
275.1,2,8.3,6,237.3,1508
534.5,5,10.9,9,510.3,3782
473.3,6,9.4,6,468.3,3223
385.9,3,8.4,8,403.3,2573
620.2,3,8.5,13,512.0,4658
514.3,3,7.6,13,394.9,3677
267.6,3,8.7,7,244.6,1715
618.1,7,2.0,13,484.3,4635
354.5,1,6.8,7,302.5,2281
683.2,7,8.0,12,633.1,5261
743.1,7,5.0,15,608.0,5753
746.0,7,8.3,16,641.9,5949
386.3,3,7.1,12,335.6,2659
800.0,6,11.4,13,658.9,6463
405.9,4,11.0,9,439.4,2865
539.0,4,6.5,8,512.7,3712
281.4,1,7.2,3,241.4,1585
253.1,3,7.3,8,331.1,1578
370.3,3,6.5,9,326.5,2404
575.0,3,7.9,11,404.6,4295
561.8,5,5.8,9,424.8,4036
342.4,2,5.0,11,373.7,2091
458.8,5,8.9,11,526.9,3135
387.5,2,8.9,7,293.7,2436
418.4,3,5.7,7,426.1,2679
325.4,3,9.5,2,332.2,2081
663.4,5,6.1,14,545.3,5118
681.9,5,8.1,13,492.6,5279
511.2,2,9.3,6,349.5,3450
476.0,4,7.4,10,450.8,3242
174.3,2,8.5,8,235.1,949
515.6,5,6.4,8,546.4,3672
588.5,6,7.1,12,612.2,4289
572.0,5,7.0,13,486.0,4099
422.9,6,5.9,10,434.8,2817
339.2,1,7.1,6,264.1,2077
461.1,5,4.1,8,399.4,3197
316.7,1,6.4,7,264.1,1884
640.6,4,6.9,10,434.3,4723
274.6,2,6.9,3,278.7,1469
621.6,6,7.0,16,667.0,4672
384.3,2,7.4,5,313.8,2447
201.2,1,8.6,3,177.3,1075
800.0,6,9.4,14,682.6,6505
385.1,2,6.1,10,409.5,2555
619.1,5,4.9,9,593.7,4579
334.6,3,5.2,9,274.9,2174
352.8,1,6.4,7,258.1,2276
264.8,2,6.7,9,204.5,1533
277.2,1,5.8,6,251.9,1568
572.4,7,4.6,14,536.5,4213
332.3,1,6.5,3,303.7,2067
749.5,6,7.9,13,525.6,5919
473.0,7,8.8,12,524.7,3212
469.6,6,6.3,6,429.0,3219
269.1,3,6.6,10,265.0,1570
686.7,7,5.5,17,658.6,5286
245.8,5,7.4,6,317.2,1563
231.4,1,5.6,3,184.0,1285
328.7,2,8.8,9,241.4,1963
419.6,4,3.6,15,406.7,2716
374.3,1,6.7,6,328.1,2472
251.9,1,8.2,4,259.8,1515
377.5,3,7.9,8,325.8,2446
663.2,5,13.4,15,644.9,5112
469.8,4,8.3,8,425.8,3248
752.5,7,5.3,13,592.2,5845
782.0,7,7.3,13,527.0,6236
748.3,7,3.6,12,556.3,5787
539.6,6,7.3,13,409.1,3801
623.5,6,5.7,17,541.4,4638
319.9,2,9.5,8,330.4,1978
505.6,4,6.3,9,436.1,3495
730.7,7,7.2,14,614.6,5740
410.3,6,6.1,9,410.5,2450
314.6,2,11.3,9,347.7,1932
598.3,5,6.8,11,490.2,4388
456.3,2,11.5,7,377.2,3242
773.2,6,9.3,20,645.4,6120
381.9,3,8.6,9,370.6,2517
495.8,3,8.3,7,406.9,3526
661.5,7,8.4,13,593.1,4967
329.0,3,3.3,11,320.8,2049
800.0,7,6.9,15,700.0,6341
572.2,7,9.4,11,537.2,4157
616.3,6,7.4,15,481.2,4565
354.8,3,4.4,7,341.5,2171
800.0,7,7.4,19,638.6,6618
557.4,4,11.2,13,521.0,4144
489.3,5,10.2,10,486.4,3487
472.0,2,7.4,10,328.3,3268
574.8,2,9.6,7,434.6,4085
757.7,6,6.7,15,614.6,6012
483.0,3,3.8,10,369.9,3355
160.3,3,5.5,6,227.5,838
544.4,7,10.9,13,604.6,4022
88.6,1,6.9,8,109.0,548
677.7,7,7.0,14,563.8,5335
700.9,5,6.8,10,520.7,5376
423.4,4,11.7,8,514.8,2799
465.6,2,11.1,8,373.2,3189
800.0,7,12.4,20,700.0,6594
233.0,1,7.2,3,171.8,1231
224.4,1,8.2,6,275.0,1190
686.2,7,4.2,18,648.1,5285
597.1,6,10.7,13,530.6,4432
403.4,2,4.9,8,291.2,2632
755.9,6,8.0,10,584.9,6019
406.1,4,5.1,11,380.7,2635
235.0,1,6.2,5,255.2,1242
354.4,1,5.7,8,397.7,2383
530.7,5,6.2,14,498.2,3701
643.4,4,6.3,16,507.3,4803
207.1,1,6.3,7,201.7,1287
571.7,4,9.3,11,490.0,4160
268.6,2,5.1,7,290.6,1579
340.6,3,8.0,8,385.4,2188
189.7,1,10.2,6,244.1,1216
441.6,5,6.4,11,483.0,2956
335.8,2,5.9,7,361.0,2191
776.4,7,7.0,18,681.5,6038
419.8,4,10.1,7,498.6,2875
800.0,7,7.9,17,648.7,6363
791.4,6,6.3,16,617.2,6409
299.6,2,8.6,7,343.5,1831
528.4,7,5.1,9,462.0,3658
341.3,1,9.0,4,272.5,2195
518.1,4,8.4,13,432.6,3731
373.6,3,6.8,8,319.0,2456
291.2,2,5.7,5,262.2,1649
200.0,1,5.5,4,209.2,1104
514.6,5,8.7,14,483.8,3644
799.2,6,10.2,14,679.6,6421
555.3,4,6.1,9,429.2,4030
386.4,2,8.5,6,276.4,2382
150.8,2,2.9,6,129.8,830
269.1,3,6.2,6,310.9,1574
375.2,3,7.4,13,400.2,2403
602.2,5,5.5,11,462.2,4386
587.5,6,5.4,16,539.9,4310
388.2,5,6.0,15,403.1,2310
278.4,1,8.1,8,266.2,1639
245.1,1,7.1,4,203.8,1380
536.7,5,2.6,13,462.2,3817
460.2,6,2.8,13,438.6,3045
623.6,5,6.2,9,536.3,4626
590.6,6,8.5,14,486.0,4487
691.5,6,2.0,10,498.1,5325
800.0,7,6.4,17,621.9,6466
432.0,4,6.3,9,449.4,2854
761.5,6,10.6,14,632.4,6099
470.4,3,6.7,9,425.4,3190
737.9,6,8.3,12,542.9,5780
706.4,6,7.8,14,518.2,5523
608.0,6,2.8,12,542.8,4426
704.9,7,9.2,17,678.2,5618
639.2,7,8.0,11,602.7,4815
388.0,1,8.6,6,340.0,2582
800.0,7,14.0,19,700.0,6608
378.7,3,2.9,6,292.2,2465
525.2,3,11.3,7,389.9,3638
771.1,7,6.9,16,623.3,6154
596.2,5,8.1,12,519.4,4476
474.7,4,7.4,11,362.7,3325
603.5,7,6.6,16,582.4,4415
800.0,6,6.2,15,636.7,6343
434.4,2,8.2,10,406.8,3006
486.1,4,4.2,11,383.5,3263
574.0,4,9.2,9,466.1,4175
469.6,3,6.6,10,357.3,3315
584.1,4,5.0,15,524.9,4277
568.1,7,6.5,14,589.2,4086
666.2,6,10.3,11,599.5,5054
786.9,6,6.3,16,638.8,6293
313.8,1,8.3,5,211.4,1828
526.4,6,5.9,8,557.8,3671
620.0,6,9.2,15,530.8,4702
489.3,3,9.0,7,470.8,3468
646.3,6,11.6,13,613.7,4997
302.8,1,7.1,6,231.7,1774
273.8,2,9.0,7,231.5,1746
583.4,7,7.7,16,620.9,4291
431.4,3,10.4,7,348.1,2833
